year,state_po,winner,margin,target_democrat,p_democrat,predicted_winner,correct
2008,AK,REPUBLICAN,-21.535145939416985,0,0.0027729819726077212,REPUBLICAN,True
2008,AL,REPUBLICAN,-21.57647873459569,0,0.003643090349279084,REPUBLICAN,True
2008,AR,REPUBLICAN,-19.851244734805363,0,0.08006545328248708,REPUBLICAN,True
2008,AZ,REPUBLICAN,-8.519996947862964,0,0.07291162706750459,REPUBLICAN,True
2008,CA,DEMOCRAT,24.05777951466977,1,0.822987709547793,DEMOCRAT,True
2008,CO,DEMOCRAT,8.952714731354426,1,0.1945401174506391,REPUBLICAN,False
2008,CT,DEMOCRAT,22.36736637049487,1,0.8290866070360563,DEMOCRAT,True
2008,DC,DEMOCRAT,85.92455229017538,1,0.9999998486316324,DEMOCRAT,True
2008,DE,DEMOCRAT,24.995635432528644,1,0.7512378075118336,DEMOCRAT,True
2008,FL,DEMOCRAT,2.8179861046886856,1,0.19124538397169466,REPUBLICAN,False
2008,GA,REPUBLICAN,-5.2143388968644615,0,0.022375311221836176,REPUBLICAN,True
2008,HI,DEMOCRAT,45.01670818130788,1,0.7952994360139242,DEMOCRAT,True
2008,IA,DEMOCRAT,9.534760718563192,1,0.3618384514505527,REPUBLICAN,False
2008,ID,REPUBLICAN,-25.42610384020076,0,0.00026968348821395895,REPUBLICAN,True
2008,IL,DEMOCRAT,25.13719197786603,1,0.8435172708718763,DEMOCRAT,True
2008,IN,DEMOCRAT,1.0320044608357437,1,0.009753083062437535,REPUBLICAN,False
2008,KS,REPUBLICAN,-14.960287149478267,0,0.003557578721001236,REPUBLICAN,True
2008,KY,REPUBLICAN,-16.230907358947128,0,0.011531401759382753,REPUBLICAN,True
2008,LA,REPUBLICAN,-18.629807508411268,0,0.03242494488697148,REPUBLICAN,True
2008,MA,DEMOCRAT,25.628239813470536,1,0.9895232812122038,DEMOCRAT,True
2008,MD,DEMOCRAT,25.444825117533235,1,0.8988901400001637,DEMOCRAT,True
2008,ME,DEMOCRAT,17.321718960067734,1,0.7840460351529351,DEMOCRAT,True
2008,MI,DEMOCRAT,16.47354164550675,1,0.5626826934331934,DEMOCRAT,True
2008,MN,DEMOCRAT,10.23736165414077,1,0.5567215805405171,DEMOCRAT,True
2008,MO,REPUBLICAN,-0.1334265461736876,0,0.13421693410090768,REPUBLICAN,True
2008,MS,REPUBLICAN,-13.174634554778995,0,0.014025157176458334,REPUBLICAN,True
2008,MT,REPUBLICAN,-2.2639861745040406,0,0.00857412526739057,REPUBLICAN,True
2008,NC,DEMOCRAT,0.3288677803988165,1,0.05188286608200724,REPUBLICAN,False
2008,ND,REPUBLICAN,-8.629560262901073,0,0.002316537551175167,REPUBLICAN,True
2008,NE,REPUBLICAN,-14.93358759286692,0,0.0007241428161863129,REPUBLICAN,True
2008,NH,DEMOCRAT,9.605468585172376,1,0.45887399957931285,REPUBLICAN,False
2008,NJ,DEMOCRAT,15.56820329261108,1,0.7165302398467952,DEMOCRAT,True
2008,NM,DEMOCRAT,15.128445428460616,1,0.3500411094372272,REPUBLICAN,False
2008,NV,DEMOCRAT,12.492560815334649,1,0.2609962377527721,REPUBLICAN,False
2008,NY,DEMOCRAT,28.83972442958247,1,0.9398451867325757,DEMOCRAT,True
2008,OH,DEMOCRAT,4.59369169725052,1,0.306047194833782,REPUBLICAN,False
2008,OK,REPUBLICAN,-31.29016224538701,0,0.001281061347493191,REPUBLICAN,True
2008,OR,DEMOCRAT,16.34782456462844,1,0.586298457957505,DEMOCRAT,True
2008,PA,DEMOCRAT,10.318475532122946,1,0.5244492085559703,DEMOCRAT,True
2008,RI,DEMOCRAT,27.80615813772081,1,0.975127333813678,DEMOCRAT,True
2008,SC,REPUBLICAN,-8.977083961271624,0,0.01938234391215669,REPUBLICAN,True
2008,SD,REPUBLICAN,-8.411545258197528,0,0.007616004295668704,REPUBLICAN,True
2008,TN,REPUBLICAN,-15.068416220181248,0,0.035300948664917446,REPUBLICAN,True
2008,TX,REPUBLICAN,-11.769239006436784,0,0.006356963199626292,REPUBLICAN,True
2008,UT,REPUBLICAN,-28.178124048426557,0,5.321942767975381e-05,REPUBLICAN,True
2008,VA,DEMOCRAT,6.298969182920345,1,0.11068001663111164,REPUBLICAN,False
2008,VT,DEMOCRAT,37.006454471059484,1,0.9708649221165511,DEMOCRAT,True
2008,WA,DEMOCRAT,17.176587271533464,1,0.7219190672101362,DEMOCRAT,True
2008,WI,DEMOCRAT,13.904124029594255,1,0.4092788573507186,REPUBLICAN,False
2008,WV,REPUBLICAN,-13.120592724658032,0,0.04620724876216331,REPUBLICAN,True
2008,WY,REPUBLICAN,-32.204280827291846,0,0.00017774035556132018,REPUBLICAN,True
2012,AK,REPUBLICAN,-13.988918284830037,0,0.02093327898414684,REPUBLICAN,True
2012,AL,REPUBLICAN,-22.18678923107035,0,0.026640645966520715,REPUBLICAN,True
2012,AR,REPUBLICAN,-23.687945782389008,0,0.029653103534116067,REPUBLICAN,True
2012,AZ,REPUBLICAN,-9.064766224175322,0,0.2357954358209134,REPUBLICAN,True
2012,CA,DEMOCRAT,23.118580620984844,1,0.9923542763002571,DEMOCRAT,True
2012,CO,DEMOCRAT,5.3651349125672,1,0.8879548023132356,DEMOCRAT,True
2012,CT,DEMOCRAT,17.339899011939387,1,0.9907115028628938,DEMOCRAT,True
2012,DC,DEMOCRAT,83.63482251058672,1,0.9999999444647909,DEMOCRAT,True
2012,DE,DEMOCRAT,18.62813791103917,1,0.9943918675699667,DEMOCRAT,True
2012,FL,DEMOCRAT,0.8768873067231624,1,0.738744369761236,DEMOCRAT,True
2012,GA,REPUBLICAN,-7.821282510642426,0,0.3807668680145712,REPUBLICAN,True
2012,HI,DEMOCRAT,42.46578476023598,1,0.9998515457853874,DEMOCRAT,True
2012,IA,DEMOCRAT,5.810148023612989,1,0.8978183832966169,DEMOCRAT,True
2012,ID,REPUBLICAN,-31.90744993668305,0,0.010586354651362274,REPUBLICAN,True
2012,IL,DEMOCRAT,16.86939409166019,1,0.9943856724816249,DEMOCRAT,True
2012,IN,REPUBLICAN,-10.198229476166055,0,0.6559151854225179,DEMOCRAT,False
2012,KS,REPUBLICAN,-21.716749815297103,0,0.07842461352557847,REPUBLICAN,True
2012,KY,REPUBLICAN,-22.691813764875818,0,0.06538793982280564,REPUBLICAN,True
2012,LA,REPUBLICAN,-17.2071121051721,0,0.042145777158789165,REPUBLICAN,True
2012,MA,DEMOCRAT,23.019186004881604,1,0.9935401912048375,DEMOCRAT,True
2012,MD,DEMOCRAT,26.076458440373106,1,0.9944607670612152,DEMOCRAT,True
2012,ME,DEMOCRAT,15.043642153656812,1,0.9736833892857759,DEMOCRAT,True
2012,MI,DEMOCRAT,9.497288183098526,1,0.9705425780931679,DEMOCRAT,True
2012,MN,DEMOCRAT,7.694102046577612,1,0.903956266553852,DEMOCRAT,True
2012,MO,REPUBLICAN,-9.380257590423753,0,0.5997191038844705,DEMOCRAT,False
2012,MS,REPUBLICAN,-11.496487199591776,0,0.11993691807146195,REPUBLICAN,True
2012,MT,REPUBLICAN,-13.6533980101147,0,0.43080973817118473,REPUBLICAN,True
2012,NC,REPUBLICAN,-2.0420955250753963,0,0.6327936540716464,DEMOCRAT,False
2012,ND,REPUBLICAN,-19.618371669577503,0,0.20996428682690255,REPUBLICAN,True
2012,NE,REPUBLICAN,-21.775877761119062,0,0.07737947162896106,REPUBLICAN,True
2012,NH,DEMOCRAT,5.575887658023099,1,0.9032934139673957,DEMOCRAT,True
2012,NJ,DEMOCRAT,17.718790083493218,1,0.9679856627297946,DEMOCRAT,True
2012,NM,DEMOCRAT,10.149433881376645,1,0.9638626657653858,DEMOCRAT,True
2012,NV,DEMOCRAT,6.680933829136933,1,0.9343857729406113,DEMOCRAT,True
2012,NY,DEMOCRAT,29.519386846643084,1,0.9920038813609598,DEMOCRAT,True
2012,OH,DEMOCRAT,2.978306779897295,1,0.7778490445719156,DEMOCRAT,True
2012,OK,REPUBLICAN,-33.54463948603313,0,0.0049857792815965465,REPUBLICAN,True
2012,OR,DEMOCRAT,12.089455476255672,1,0.9640668478971657,DEMOCRAT,True
2012,PA,DEMOCRAT,5.395991668466252,1,0.9144893175194136,DEMOCRAT,True
2012,RI,DEMOCRAT,27.45729729244993,1,0.9961948761770634,DEMOCRAT,True
2012,SC,REPUBLICAN,-10.473097848499933,0,0.22108284733135103,REPUBLICAN,True
2012,SD,REPUBLICAN,-18.02317111718868,0,0.21776885057064319,REPUBLICAN,True
2012,TN,REPUBLICAN,-20.402899726142397,0,0.08188712192574954,REPUBLICAN,True
2012,TX,REPUBLICAN,-15.783619184295532,0,0.15012441630066556,REPUBLICAN,True
2012,UT,REPUBLICAN,-48.040867274728726,0,0.005777638234426972,REPUBLICAN,True
2012,VA,DEMOCRAT,3.873353899829525,1,0.839575782833768,DEMOCRAT,True
2012,VT,DEMOCRAT,35.597915065655386,1,0.9993274072915247,DEMOCRAT,True
2012,WA,DEMOCRAT,14.868776867563632,1,0.9731225813423071,DEMOCRAT,True
2012,WI,DEMOCRAT,6.837815821534832,1,0.9538937636098346,DEMOCRAT,True
2012,WV,REPUBLICAN,-26.756538263045957,0,0.10802664573884245,REPUBLICAN,True
2012,WY,REPUBLICAN,-40.55667907188244,0,0.0028019143560949027,REPUBLICAN,True
2016,AK,REPUBLICAN,-14.7306407874253,0,0.044126341071823595,REPUBLICAN,True
2016,AL,REPUBLICAN,-27.725146606435423,0,0.013476414824619816,REPUBLICAN,True
2016,AR,REPUBLICAN,-26.92097803446736,0,0.008035723357296281,REPUBLICAN,True
2016,AZ,REPUBLICAN,-3.543962396503914,0,0.15779327559151327,REPUBLICAN,True
2016,CA,DEMOCRAT,30.10929306611845,1,0.9922654238497551,DEMOCRAT,True
2016,CO,DEMOCRAT,4.905583011416361,1,0.771973993637877,DEMOCRAT,True
2016,CT,DEMOCRAT,13.639386717895093,1,0.9796199652168862,DEMOCRAT,True
2016,DC,DEMOCRAT,86.41350075981765,1,0.9999999747372552,DEMOCRAT,True
2016,DE,DEMOCRAT,11.430512466314909,1,0.9837725927165939,DEMOCRAT,True
2016,FL,REPUBLICAN,-1.1986256107856832,0,0.6252373948449327,DEMOCRAT,False
2016,GA,REPUBLICAN,-5.131342697410183,0,0.20893658873999887,REPUBLICAN,True
2016,HI,DEMOCRAT,31.541090882503475,1,0.9998669920432427,DEMOCRAT,True
2016,IA,REPUBLICAN,-9.409547899181137,0,0.8007477223565298,DEMOCRAT,False
2016,ID,REPUBLICAN,-31.769418548217683,0,0.0014155529585082344,REPUBLICAN,True
2016,IL,DEMOCRAT,17.063613624968028,1,0.9759507807511559,DEMOCRAT,True
2016,IN,REPUBLICAN,-19.165193761659232,0,0.12597370234551844,REPUBLICAN,True
2016,KS,REPUBLICAN,-20.602211073605083,0,0.012490222801231216,REPUBLICAN,True
2016,KY,REPUBLICAN,-29.837450218252336,0,0.011135518745954516,REPUBLICAN,True
2016,LA,REPUBLICAN,-19.63911855505483,0,0.03415804780704653,REPUBLICAN,True
2016,MA,DEMOCRAT,26.76386230581614,1,0.9924381317645368,DEMOCRAT,True
2016,MD,DEMOCRAT,26.40993210006593,1,0.99609140216067,DEMOCRAT,True
2016,ME,DEMOCRAT,2.8685360128100896,1,0.9499080538515962,DEMOCRAT,True
2016,MI,REPUBLICAN,-0.2230332691293099,0,0.905780875502555,DEMOCRAT,False
2016,MN,DEMOCRAT,1.5198408574896265,1,0.8455339098033737,DEMOCRAT,True
2016,MO,REPUBLICAN,-18.63711700292494,0,0.1475294710204857,REPUBLICAN,True
2016,MS,REPUBLICAN,-17.826249817051547,0,0.11334345904127781,REPUBLICAN,True
2016,MT,REPUBLICAN,-20.53097309342684,0,0.057455689886483745,REPUBLICAN,True
2016,NC,REPUBLICAN,-3.655228527970941,0,0.4627265213374344,REPUBLICAN,True
2016,ND,REPUBLICAN,-35.72888837263329,0,0.017346817499655155,REPUBLICAN,True
2016,NE,REPUBLICAN,-25.048594749990222,0,0.012562920942201222,REPUBLICAN,True
2016,NH,DEMOCRAT,0.3675956877371433,1,0.7980472367870239,DEMOCRAT,True
2016,NJ,DEMOCRAT,14.102697799664751,1,0.9814892851279711,DEMOCRAT,True
2016,NM,DEMOCRAT,8.213132845391385,1,0.8754538090019779,DEMOCRAT,True
2016,NV,DEMOCRAT,2.417128360516621,1,0.8251434017927732,DEMOCRAT,True
2016,NY,DEMOCRAT,23.74554029410604,1,0.9955036050044802,DEMOCRAT,True
2016,OH,REPUBLICAN,-8.129574399066165,0,0.6969196955615545,DEMOCRAT,False
2016,OK,REPUBLICAN,-36.39118453508346,0,0.0015258861916274307,REPUBLICAN,True
2016,OR,DEMOCRAT,10.977816818365326,1,0.9192177359124057,DEMOCRAT,True
2016,PA,REPUBLICAN,-0.72426963918317,0,0.8008002254193005,DEMOCRAT,False
2016,RI,DEMOCRAT,15.508549070977978,1,0.997090535597097,DEMOCRAT,True
2016,SC,REPUBLICAN,-14.265912896030343,0,0.12929104782349293,REPUBLICAN,True
2016,SD,REPUBLICAN,-29.793322219009813,0,0.026623840538412415,REPUBLICAN,True
2016,TN,REPUBLICAN,-26.005700895564523,0,0.018430811521482612,REPUBLICAN,True
2016,TX,REPUBLICAN,-8.999427598323422,0,0.046523037085759986,REPUBLICAN,True
2016,UT,REPUBLICAN,-18.07954799583141,0,5.3281195633149675e-05,REPUBLICAN,True
2016,VA,DEMOCRAT,5.323705819493654,1,0.7369328406348743,DEMOCRAT,True
2016,VT,DEMOCRAT,25.96335972190584,1,0.9994261403916964,DEMOCRAT,True
2016,WA,DEMOCRAT,15.705999875189129,1,0.9593800902530497,DEMOCRAT,True
2016,WI,REPUBLICAN,-0.7643431950674611,0,0.8433393497205539,DEMOCRAT,False
2016,WV,REPUBLICAN,-42.15364679384784,0,0.004523135565728477,REPUBLICAN,True
2016,WY,REPUBLICAN,-45.76951017821537,0,0.0001954323649698828,REPUBLICAN,True
2020,AK,REPUBLICAN,-10.061190999360283,0,0.01218235738199317,REPUBLICAN,True
2020,AL,REPUBLICAN,-25.46165295474247,0,0.0026418977032921895,REPUBLICAN,True
2020,AR,REPUBLICAN,-27.62066790312936,0,0.0023398513398743305,REPUBLICAN,True
2020,AZ,DEMOCRAT,0.308709583901873,1,0.20663789123984339,REPUBLICAN,False
2020,CA,DEMOCRAT,29.163223268588588,1,0.995746915177222,DEMOCRAT,True
2020,CO,DEMOCRAT,13.406941505740882,1,0.517138420592912,DEMOCRAT,True
2020,CT,DEMOCRAT,20.0736132273528,1,0.9149746382444154,DEMOCRAT,True
2020,DC,DEMOCRAT,86.75237254469212,1,0.9999999621358037,DEMOCRAT,True
2020,DE,DEMOCRAT,18.96812902253612,1,0.8696285876807872,DEMOCRAT,True
2020,FL,REPUBLICAN,-3.3583688970618013,0,0.3836168450369222,REPUBLICAN,True
2020,GA,DEMOCRAT,0.2355818846550761,1,0.20885027626727742,REPUBLICAN,False
2020,HI,DEMOCRAT,29.1946655996026,1,0.9953700579251895,DEMOCRAT,True
2020,IA,REPUBLICAN,-8.152964773282044,0,0.06567442398738488,REPUBLICAN,True
2020,ID,REPUBLICAN,-30.77116267709968,0,0.0003326966030934427,REPUBLICAN,True
2020,IL,DEMOCRAT,16.988194558502087,1,0.9505952157395122,DEMOCRAT,True
2020,IN,REPUBLICAN,-16.059480705992968,0,0.0119920367709854,REPUBLICAN,True
2020,KS,REPUBLICAN,-14.652959295432566,0,0.006940306909608329,REPUBLICAN,True
2020,KY,REPUBLICAN,-25.9350570581364,0,0.0014655197229590507,REPUBLICAN,True
2020,LA,REPUBLICAN,-18.60942561248232,0,0.013751058307385057,REPUBLICAN,True
2020,MA,DEMOCRAT,33.2148261142344,1,0.9891740459855648,DEMOCRAT,True
2020,MD,DEMOCRAT,33.21037329232835,1,0.9919847027581884,DEMOCRAT,True
2020,ME,DEMOCRAT,8.97435123535412,1,0.3655507212621459,REPUBLICAN,False
2020,MI,DEMOCRAT,2.783527599686749,1,0.36752563007549516,REPUBLICAN,False
2020,MN,DEMOCRAT,7.110156900570644,1,0.3483045438112466,REPUBLICAN,False
2020,MO,REPUBLICAN,-15.390874042701128,0,0.013667946808829974,REPUBLICAN,True
2020,MS,REPUBLICAN,-16.54534811940394,0,0.023952271597531,REPUBLICAN,True
2020,MT,REPUBLICAN,-16.36909987841119,0,0.006770774921395951,REPUBLICAN,True
2020,NC,REPUBLICAN,-1.348120710932271,0,0.2527649301045756,REPUBLICAN,True
2020,ND,REPUBLICAN,-33.35728637799563,0,0.00023105138720506957,REPUBLICAN,True
2020,NE,REPUBLICAN,-19.05753239026625,0,0.0027225436009441443,REPUBLICAN,True
2020,NH,DEMOCRAT,7.351565775470057,1,0.35107151170084755,REPUBLICAN,False
2020,NJ,DEMOCRAT,15.93767289546448,1,0.9333574360567486,DEMOCRAT,True
2020,NM,DEMOCRAT,10.792616603442768,1,0.5845560247369369,DEMOCRAT,True
2020,NV,DEMOCRAT,2.3905346327246164,1,0.45529116066643793,REPUBLICAN,False
2020,NY,DEMOCRAT,22.930590695743973,1,0.9717268807240922,DEMOCRAT,True
2020,OH,REPUBLICAN,-8.031961760169615,0,0.10973743634413878,REPUBLICAN,True
2020,OK,REPUBLICAN,-33.08709751207632,0,0.0003413600031622795,REPUBLICAN,True
2020,OR,DEMOCRAT,16.086072607705525,1,0.7343923539890198,DEMOCRAT,True
2020,PA,DEMOCRAT,1.1648836352756715,1,0.3939077910814557,REPUBLICAN,False
2020,RI,DEMOCRAT,20.80581829435772,1,0.9223407551925419,DEMOCRAT,True
2020,SC,REPUBLICAN,-11.676642419382553,0,0.035677094545853306,REPUBLICAN,True
2020,SD,REPUBLICAN,-26.16413753611495,0,0.001152611000928063,REPUBLICAN,True
2020,TN,REPUBLICAN,-23.20885989526011,0,0.0032935649542542864,REPUBLICAN,True
2020,TX,REPUBLICAN,-5.578593689682137,0,0.0960583103255195,REPUBLICAN,True
2020,UT,REPUBLICAN,-20.483790446613533,0,0.0009186965645789415,REPUBLICAN,True
2020,VA,DEMOCRAT,10.114013510520287,1,0.6251090114158451,DEMOCRAT,True
2020,VT,DEMOCRAT,35.074723426279355,1,0.9733101035428732,DEMOCRAT,True
2020,WA,DEMOCRAT,19.203323391959785,1,0.8815654980511783,DEMOCRAT,True
2020,WI,DEMOCRAT,0.6270995418189145,1,0.31106932299728723,REPUBLICAN,False
2020,WV,REPUBLICAN,-38.935030680096446,0,0.00011775180232205134,REPUBLICAN,True
2020,WY,REPUBLICAN,-43.11192339041232,0,2.571588218736252e-05,REPUBLICAN,True
2024,AK,REPUBLICAN,-13.13868181455274,0,0.10095875483798208,REPUBLICAN,True
2024,AL,REPUBLICAN,-30.47137199846365,0,0.006808701223426239,REPUBLICAN,True
2024,AR,REPUBLICAN,-30.63696227876443,0,0.0037373952302036705,REPUBLICAN,True
2024,AZ,REPUBLICAN,-5.5286032385856885,0,0.5614094596223477,DEMOCRAT,False
2024,CA,DEMOCRAT,20.13480214112719,1,0.9976599876582226,DEMOCRAT,True
2024,CO,DEMOCRAT,10.98484219691833,1,0.9375949566675457,DEMOCRAT,True
2024,CT,DEMOCRAT,14.504465580070608,1,0.9863019394662998,DEMOCRAT,True
2024,DC,DEMOCRAT,83.80944489963758,1,0.999999980611823,DEMOCRAT,True
2024,DE,DEMOCRAT,14.701713545961988,1,0.9830345736803078,DEMOCRAT,True
2024,FL,REPUBLICAN,-13.100050377500793,0,0.39533522493060597,REPUBLICAN,True
2024,GA,REPUBLICAN,-2.192003092800185,0,0.5658685824777987,DEMOCRAT,False
2024,HI,DEMOCRAT,22.859971353947262,1,0.9974821599853647,DEMOCRAT,True
2024,IA,REPUBLICAN,-13.209510515742052,0,0.1696765354151086,REPUBLICAN,True
2024,ID,REPUBLICAN,-35.998500216901775,0,0.0019116403300368336,REPUBLICAN,True
2024,IL,DEMOCRAT,10.895619094280278,1,0.9736072016733271,DEMOCRAT,True
2024,IN,REPUBLICAN,-18.958298784646736,0,0.04157799749089754,REPUBLICAN,True
2024,KS,REPUBLICAN,-16.11558077751355,0,0.053394159404727706,REPUBLICAN,True
2024,KY,REPUBLICAN,-30.534675324049303,0,0.0059370127462394645,REPUBLICAN,True
2024,LA,REPUBLICAN,-22.00500753621744,0,0.02609235774037279,REPUBLICAN,True
2024,MA,DEMOCRAT,24.91410304218985,1,0.9988791563096379,DEMOCRAT,True
2024,MD,DEMOCRAT,28.53626362341993,1,0.9989377666583165,DEMOCRAT,True
2024,ME,DEMOCRAT,6.846128005678693,1,0.8513548649357467,DEMOCRAT,True
2024,MI,REPUBLICAN,-1.4142014404188004,0,0.6803428280886129,DEMOCRAT,False
2024,MN,DEMOCRAT,4.2394096966120784,1,0.8246475161044748,DEMOCRAT,True
2024,MO,REPUBLICAN,-18.408240569393584,0,0.04853147342380946,REPUBLICAN,True
2024,MS,REPUBLICAN,-22.8887759688862,0,0.04071944182510707,REPUBLICAN,True
2024,MT,REPUBLICAN,-19.930410323684875,0,0.036987766714206824,REPUBLICAN,True
2024,NC,REPUBLICAN,-3.211852452852113,0,0.4801895089791695,REPUBLICAN,True
2024,ND,REPUBLICAN,-36.44606212057421,0,0.0011253533673738997,REPUBLICAN,True
2024,NE,REPUBLICAN,-20.460479194103648,0,0.021541955549565995,REPUBLICAN,True
2024,NH,DEMOCRAT,2.7634281671124867,1,0.8376847384571127,DEMOCRAT,True
2024,NJ,DEMOCRAT,5.909530802941923,1,0.9697141523945843,DEMOCRAT,True
2024,NM,DEMOCRAT,6.000738572432624,1,0.9097395005687368,DEMOCRAT,True
2024,NV,REPUBLICAN,-3.098515664987474,0,0.6437142938083174,DEMOCRAT,False
2024,NY,DEMOCRAT,12.411916870023,1,0.9917642590561344,DEMOCRAT,True
2024,OH,REPUBLICAN,-11.207364070940194,0,0.191217417696798,REPUBLICAN,True
2024,OK,REPUBLICAN,-34.262753859247994,0,0.0013006066909258727,REPUBLICAN,True
2024,OR,DEMOCRAT,14.307017219478965,1,0.9636976870866264,DEMOCRAT,True
2024,PA,REPUBLICAN,-1.7097309916712646,0,0.6154961370771223,DEMOCRAT,False
2024,RI,DEMOCRAT,13.789111377040108,1,0.9877699299548703,DEMOCRAT,True
2024,SC,REPUBLICAN,-17.86773882125786,0,0.1011337378725595,REPUBLICAN,True
2024,SD,REPUBLICAN,-29.19458549573116,0,0.005139467702520551,REPUBLICAN,True
2024,TN,REPUBLICAN,-29.71988373148056,0,0.010155008111410664,REPUBLICAN,True
2024,TX,REPUBLICAN,-13.683305009872086,0,0.28103536352863195,REPUBLICAN,True
2024,UT,REPUBLICAN,-21.582351020561724,0,0.013512120663048344,REPUBLICAN,True
2024,VA,DEMOCRAT,5.766475517444142,1,0.9010158073345208,DEMOCRAT,True
2024,VT,DEMOCRAT,31.21498585354734,1,0.9991205928557075,DEMOCRAT,True
2024,WA,DEMOCRAT,18.218188832852604,1,0.9802467660861974,DEMOCRAT,True
2024,WI,REPUBLICAN,-0.8588286368531186,0,0.5731724202991081,DEMOCRAT,False
2024,WV,REPUBLICAN,-41.86384713028336,0,0.00042676906549044533,REPUBLICAN,True
2024,WY,REPUBLICAN,-45.40595965668718,0,0.000138032366422644,REPUBLICAN,True
