,college_pct,college_pct,college_pct,college_pct,median_age,median_age,median_age,median_age,poverty_pct,poverty_pct,poverty_pct,poverty_pct,population,population,population,population,median_income,median_income,median_income,median_income,unemployment_pct,unemployment_pct,unemployment_pct,unemployment_pct
,count,min,median,max,count,min,median,max,count,min,median,max,count,min,median,max,count,min,median,max,count,min,median,max
year,,,,,,,,,,,,,,,,,,,,,,,,
2000,0,,,,0,,,,0,,,,0,,,,0,,,,0,,,
2004,0,,,,0,,,,0,,,,0,,,,0,,,,0,,,
2008,51,16.511248023450175,25.55939150695961,45.89869322346637,51,28.4,37.2,41.0,51,7.822382813092084,12.589335414794336,21.0534111191028,51,515004.0,4206074.0,36457549.0,51,34473.0,46259.0,65144.0,51,3.348373993122072,6.1637781103704015,9.511423137346302
2012,51,17.2517056870268,26.383187245996552,49.19503225628791,51,28.8,37.2,42.0,51,7.812430089869596,13.54609255183566,21.23706448909015,51,545579.0,4285828.0,36637290.0,51,37881.0,49424.0,70647.0,51,3.599821446665407,7.443876806209013,11.513025538759305
2016,51,18.74814225012205,27.794394713386986,53.39118767801844,51,29.9,37.8,43.5,51,8.851127216119304,15.289286925732425,22.64193159132125,51,575251.0,4383272.0,38066920.0,51,39464.0,52400.0,74149.0,51,3.114091563930288,8.546280278673255,11.811859841723765
2020,51,20.25797084400085,30.50384973409472,57.56877578386015,51,30.7,38.1,44.6,51,7.869211418167951,13.654142216780428,20.75166061376022,51,581836.0,4440204.0,39148760.0,51,43567.0,59116.0,82604.0,51,2.8334908976316875,5.8141270588047975,8.22039589921506
2024,51,22.71116112963212,33.463338229621634,62.63609274529711,51,31.4,38.7,44.8,51,7.325117866625276,11.910194035527306,19.19687815143246,51,577929.0,4502935.0,39356104.0,51,52985.0,72458.0,101722.0,51,2.923760621446028,5.087176199674407,7.1075435922969765
