year,feature,n,pearson_r
2008,college_pct,51,0.7233329371792103
2008,median_age,51,0.2725182612921863
2008,poverty_pct,51,-0.2232596729690337
2008,median_income,51,0.5394721459535651
2008,unemployment_pct,51,0.056886589270703496
2012,college_pct,51,0.7199686562557881
2012,median_age,51,0.2920661731315736
2012,poverty_pct,51,-0.2176152983762555
2012,median_income,51,0.5456168881725577
2012,unemployment_pct,51,0.23727578207914204
2016,college_pct,51,0.806984622735051
2016,median_age,51,0.09310895148786234
2016,poverty_pct,51,-0.2022614757947666
2016,median_income,51,0.6167859133248833
2016,unemployment_pct,51,0.33887746237210853
2020,college_pct,51,0.829691369323045
2020,median_age,51,0.14078979528099703
2020,poverty_pct,51,-0.2665669161600433
2020,median_income,51,0.6801192711399813
2020,unemployment_pct,51,0.22000944846802853
2024,college_pct,51,0.843517338512939
2024,median_age,51,0.13897554163109588
2024,poverty_pct,51,-0.29508286074478757
2024,median_income,51,0.7204091385905602
2024,unemployment_pct,51,0.3687213030523246
