state_po,dem_pct,rep_pct,margin,winner
WI,48.73704248830968,49.5958711251628,-0.8588286368531186,REPUBLICAN
MI,48.31290850971349,49.72710995013229,-1.4142014404188004,REPUBLICAN
PA,48.66280572391539,50.372536715586655,-1.7097309916712646,REPUBLICAN
GA,48.52529230675474,50.71729539955493,-2.192003092800185,REPUBLICAN
NH,50.35756702802415,47.59413886091166,2.7634281671124867,DEMOCRAT
NV,47.49313057299103,50.5916462379785,-3.098515664987474,REPUBLICAN
NC,47.64533813078146,50.85719058363357,-3.211852452852113,REPUBLICAN
MN,50.922548802674925,46.683139106062846,4.2394096966120784,DEMOCRAT
AZ,46.70141701031977,52.23002024890546,-5.5286032385856885,REPUBLICAN
VA,51.82386736091495,46.05739184347081,5.766475517444142,DEMOCRAT
