,missing_pct
hispanic_pct,32.212885154061624
poll_dem,30.532212885154063
poll_rep,30.532212885154063
poll_margin,30.532212885154063
population,28.57142857142857
median_income,28.57142857142857
white_pct,28.57142857142857
unemployment_pct,28.57142857142857
college_pct,28.57142857142857
census_product,28.57142857142857
median_age,28.57142857142857
poverty_pct,28.57142857142857
census_reference_year,28.57142857142857
black_pct,28.57142857142857
total_votes,0.0
state_fips,0.0
state_po,0.0
year,0.0
state,0.0
dem_votes,0.0
rep_votes,0.0
previous_rep_pct,0.0
previous_margin,0.0
previous_winner,0.0
previous_election_year,0.0
rep_pct,0.0
margin,0.0
winner,0.0
previous_dem_pct,0.0
dem_pct,0.0
other_votes,0.0
economy_reference_year,0.0
unemployment,0.0
inflation_pct,0.0
gdp_growth_pct,0.0
target_democrat,0.0
state_year,0.0
